4109101001 Sevilla sección 01001	Renta media por persona 	2017	15.189
4109101001 Sevilla sección 01001	Renta media por hogar	2017	35.467
4109101002 Sevilla sección 01002	Renta media por persona 	2017	14.763
4109101002 Sevilla sección 01002	Renta media por hogar	2017	35.431
4109101003 Sevilla sección 01003	Renta media por persona 	2017	15.518
4109101003 Sevilla sección 01003	Renta media por hogar	2017	34.130
4109101004 Sevilla sección 01004	Renta media por persona 	2017	15.818
4109101004 Sevilla sección 01004	Renta media por hogar	2017	37.452
4109101005 Sevilla sección 01005	Renta media por persona 	2017	15.507
4109101005 Sevilla sección 01005	Renta media por hogar	2017	35.293
4109101006 Sevilla sección 01006	Renta media por persona 	2017	16.630
4109101006 Sevilla sección 01006	Renta media por hogar	2017	37.381
4109101007 Sevilla sección 01007	Renta media por persona 	2017	18.060
4109101007 Sevilla sección 01007	Renta media por hogar	2017	43.366
4109101008 Sevilla sección 01008	Renta media por persona 	2017	14.800
4109101008 Sevilla sección 01008	Renta media por hogar	2017	37.438
4109101009 Sevilla sección 01009	Renta media por persona 	2017	16.589
4109101009 Sevilla sección 01009	Renta media por hogar	2017	38.079
4109101010 Sevilla sección 01010	Renta media por persona 	2017	14.764
4109101010 Sevilla sección 01010	Renta media por hogar	2017	35.991
4109101011 Sevilla sección 01011	Renta media por persona 	2017	14.655
4109101011 Sevilla sección 01011	Renta media por hogar	2017	36.231
4109101012 Sevilla sección 01012	Renta media por persona 	2017	17.440
4109101012 Sevilla sección 01012	Renta media por hogar	2017	42.321
4109101013 Sevilla sección 01013	Renta media por persona 	2017	17.225
4109101013 Sevilla sección 01013	Renta media por hogar	2017	42.105
4109101014 Sevilla sección 01014	Renta media por persona 	2017	14.292
4109101014 Sevilla sección 01014	Renta media por hogar	2017	32.186
4109101015 Sevilla sección 01015	Renta media por persona 	2017	""
4109101015 Sevilla sección 01015	Renta media por hogar	2017	""
4109101016 Sevilla sección 01016	Renta media por persona 	2017	15.357
4109101016 Sevilla sección 01016	Renta media por hogar	2017	35.898
4109101017 Sevilla sección 01017	Renta media por persona 	2017	13.362
4109101017 Sevilla sección 01017	Renta media por hogar	2017	28.295
4109101018 Sevilla sección 01018	Renta media por persona 	2017	13.036
4109101018 Sevilla sección 01018	Renta media por hogar	2017	29.046
4109101019 Sevilla sección 01019	Renta media por persona 	2017	12.852
4109101019 Sevilla sección 01019	Renta media por hogar	2017	27.563
4109101020 Sevilla sección 01020	Renta media por persona 	2017	14.197
4109101020 Sevilla sección 01020	Renta media por hogar	2017	31.761
4109101021 Sevilla sección 01021	Renta media por persona 	2017	15.728
4109101021 Sevilla sección 01021	Renta media por hogar	2017	38.336
4109101022 Sevilla sección 01022	Renta media por persona 	2017	12.364
4109101022 Sevilla sección 01022	Renta media por hogar	2017	27.531
4109101023 Sevilla sección 01023	Renta media por persona 	2017	13.160
4109101023 Sevilla sección 01023	Renta media por hogar	2017	29.540
4109101024 Sevilla sección 01024	Renta media por persona 	2017	13.038
4109101024 Sevilla sección 01024	Renta media por hogar	2017	29.988
4109101025 Sevilla sección 01025	Renta media por persona 	2017	12.442
4109101025 Sevilla sección 01025	Renta media por hogar	2017	29.436
4109101026 Sevilla sección 01026	Renta media por persona 	2017	16.802
4109101026 Sevilla sección 01026	Renta media por hogar	2017	39.075
4109101027 Sevilla sección 01027	Renta media por persona 	2017	19.455
4109101027 Sevilla sección 01027	Renta media por hogar	2017	49.101
4109101028 Sevilla sección 01028	Renta media por persona 	2017	13.790
4109101028 Sevilla sección 01028	Renta media por hogar	2017	31.317
4109101029 Sevilla sección 01029	Renta media por persona 	2017	13.035
4109101029 Sevilla sección 01029	Renta media por hogar	2017	30.750
4109101030 Sevilla sección 01030	Renta media por persona 	2017	14.457
4109101030 Sevilla sección 01030	Renta media por hogar	2017	39.473
4109101032 Sevilla sección 01032	Renta media por persona 	2017	14.429
4109101032 Sevilla sección 01032	Renta media por hogar	2017	34.230
4109101033 Sevilla sección 01033	Renta media por persona 	2017	13.232
4109101033 Sevilla sección 01033	Renta media por hogar	2017	29.792
4109101034 Sevilla sección 01034	Renta media por persona 	2017	18.359
4109101034 Sevilla sección 01034	Renta media por hogar	2017	46.260
4109101035 Sevilla sección 01035	Renta media por persona 	2017	17.466
4109101035 Sevilla sección 01035	Renta media por hogar	2017	42.071
4109101036 Sevilla sección 01036	Renta media por persona 	2017	""
4109101036 Sevilla sección 01036	Renta media por hogar	2017	""
4109101037 Sevilla sección 01037	Renta media por persona 	2017	21.199
4109101037 Sevilla sección 01037	Renta media por hogar	2017	52.248
4109101038 Sevilla sección 01038	Renta media por persona 	2017	20.378
4109101038 Sevilla sección 01038	Renta media por hogar	2017	49.716
4109101039 Sevilla sección 01039	Renta media por persona 	2017	17.731
4109101039 Sevilla sección 01039	Renta media por hogar	2017	42.147
4109101040 Sevilla sección 01040	Renta media por persona 	2017	17.979
4109101040 Sevilla sección 01040	Renta media por hogar	2017	42.459
4109101041 Sevilla sección 01041	Renta media por persona 	2017	18.803
4109101041 Sevilla sección 01041	Renta media por hogar	2017	46.988
4109101042 Sevilla sección 01042	Renta media por persona 	2017	16.525
4109101042 Sevilla sección 01042	Renta media por hogar	2017	36.503
4109101043 Sevilla sección 01043	Renta media por persona 	2017	19.067
4109101043 Sevilla sección 01043	Renta media por hogar	2017	45.471
4109101044 Sevilla sección 01044	Renta media por persona 	2017	""
4109101044 Sevilla sección 01044	Renta media por hogar	2017	""
4109101045 Sevilla sección 01045	Renta media por persona 	2017	18.152
4109101045 Sevilla sección 01045	Renta media por hogar	2017	40.557
4109101046 Sevilla sección 01046	Renta media por persona 	2017	15.657
4109101046 Sevilla sección 01046	Renta media por hogar	2017	36.337
4109101047 Sevilla sección 01047	Renta media por persona 	2017	15.195
4109101047 Sevilla sección 01047	Renta media por hogar	2017	37.034
4109101048 Sevilla sección 01048	Renta media por persona 	2017	14.920
4109101048 Sevilla sección 01048	Renta media por hogar	2017	33.396
4109101049 Sevilla sección 01049	Renta media por persona 	2017	15.416
4109101049 Sevilla sección 01049	Renta media por hogar	2017	33.895
4109101050 Sevilla sección 01050	Renta media por persona 	2017	13.314
4109101050 Sevilla sección 01050	Renta media por hogar	2017	29.308
4109101051 Sevilla sección 01051	Renta media por persona 	2017	15.113
4109101051 Sevilla sección 01051	Renta media por hogar	2017	34.074
4109102001 Sevilla sección 02001	Renta media por persona 	2017	14.340
4109102001 Sevilla sección 02001	Renta media por hogar	2017	31.290
4109102002 Sevilla sección 02002	Renta media por persona 	2017	9.374
4109102002 Sevilla sección 02002	Renta media por hogar	2017	21.181
4109102003 Sevilla sección 02003	Renta media por persona 	2017	14.413
4109102003 Sevilla sección 02003	Renta media por hogar	2017	33.547
4109102004 Sevilla sección 02004	Renta media por persona 	2017	13.020
4109102004 Sevilla sección 02004	Renta media por hogar	2017	32.366
4109102005 Sevilla sección 02005	Renta media por persona 	2017	13.992
4109102005 Sevilla sección 02005	Renta media por hogar	2017	35.792
4109102006 Sevilla sección 02006	Renta media por persona 	2017	10.950
4109102006 Sevilla sección 02006	Renta media por hogar	2017	26.110
4109102007 Sevilla sección 02007	Renta media por persona 	2017	11.138
4109102007 Sevilla sección 02007	Renta media por hogar	2017	27.639
4109102008 Sevilla sección 02008	Renta media por persona 	2017	10.837
4109102008 Sevilla sección 02008	Renta media por hogar	2017	24.697
4109102009 Sevilla sección 02009	Renta media por persona 	2017	7.509
4109102009 Sevilla sección 02009	Renta media por hogar	2017	17.513
4109102010 Sevilla sección 02010	Renta media por persona 	2017	8.260
4109102010 Sevilla sección 02010	Renta media por hogar	2017	15.499
4109102011 Sevilla sección 02011	Renta media por persona 	2017	6.334
4109102011 Sevilla sección 02011	Renta media por hogar	2017	16.767
4109102012 Sevilla sección 02012	Renta media por persona 	2017	5.421
4109102012 Sevilla sección 02012	Renta media por hogar	2017	15.987
4109102013 Sevilla sección 02013	Renta media por persona 	2017	7.297
4109102013 Sevilla sección 02013	Renta media por hogar	2017	17.135
4109102014 Sevilla sección 02014	Renta media por persona 	2017	9.426
4109102014 Sevilla sección 02014	Renta media por hogar	2017	22.766
4109102015 Sevilla sección 02015	Renta media por persona 	2017	6.295
4109102015 Sevilla sección 02015	Renta media por hogar	2017	17.198
4109102016 Sevilla sección 02016	Renta media por persona 	2017	8.184
4109102016 Sevilla sección 02016	Renta media por hogar	2017	20.720
4109102017 Sevilla sección 02017	Renta media por persona 	2017	11.564
4109102017 Sevilla sección 02017	Renta media por hogar	2017	26.254
4109102018 Sevilla sección 02018	Renta media por persona 	2017	9.732
4109102018 Sevilla sección 02018	Renta media por hogar	2017	24.924
4109102019 Sevilla sección 02019	Renta media por persona 	2017	11.342
4109102019 Sevilla sección 02019	Renta media por hogar	2017	30.114
4109102020 Sevilla sección 02020	Renta media por persona 	2017	14.900
4109102020 Sevilla sección 02020	Renta media por hogar	2017	37.885
4109102021 Sevilla sección 02021	Renta media por persona 	2017	10.069
4109102021 Sevilla sección 02021	Renta media por hogar	2017	21.550
4109102022 Sevilla sección 02022	Renta media por persona 	2017	8.854
4109102022 Sevilla sección 02022	Renta media por hogar	2017	20.244
4109102023 Sevilla sección 02023	Renta media por persona 	2017	6.133
4109102023 Sevilla sección 02023	Renta media por hogar	2017	15.824
4109102024 Sevilla sección 02024	Renta media por persona 	2017	11.312
4109102024 Sevilla sección 02024	Renta media por hogar	2017	26.246
4109102025 Sevilla sección 02025	Renta media por persona 	2017	8.816
4109102025 Sevilla sección 02025	Renta media por hogar	2017	19.942
4109102026 Sevilla sección 02026	Renta media por persona 	2017	7.667
4109102026 Sevilla sección 02026	Renta media por hogar	2017	18.429
4109102027 Sevilla sección 02027	Renta media por persona 	2017	7.911
4109102027 Sevilla sección 02027	Renta media por hogar	2017	23.092
4109102028 Sevilla sección 02028	Renta media por persona 	2017	7.797
4109102028 Sevilla sección 02028	Renta media por hogar	2017	19.390
4109102029 Sevilla sección 02029	Renta media por persona 	2017	7.861
4109102029 Sevilla sección 02029	Renta media por hogar	2017	18.605
4109102030 Sevilla sección 02030	Renta media por persona 	2017	8.897
4109102030 Sevilla sección 02030	Renta media por hogar	2017	21.181
4109102031 Sevilla sección 02031	Renta media por persona 	2017	6.177
4109102031 Sevilla sección 02031	Renta media por hogar	2017	15.579
4109102032 Sevilla sección 02032	Renta media por persona 	2017	12.809
4109102032 Sevilla sección 02032	Renta media por hogar	2017	30.560
4109102033 Sevilla sección 02033	Renta media por persona 	2017	10.042
4109102033 Sevilla sección 02033	Renta media por hogar	2017	25.744
4109102036 Sevilla sección 02036	Renta media por persona 	2017	9.215
4109102036 Sevilla sección 02036	Renta media por hogar	2017	18.455
4109102038 Sevilla sección 02038	Renta media por persona 	2017	10.586
4109102038 Sevilla sección 02038	Renta media por hogar	2017	24.181
4109102039 Sevilla sección 02039	Renta media por persona 	2017	10.403
4109102039 Sevilla sección 02039	Renta media por hogar	2017	23.650
4109102040 Sevilla sección 02040	Renta media por persona 	2017	9.434
4109102040 Sevilla sección 02040	Renta media por hogar	2017	23.630
4109102041 Sevilla sección 02041	Renta media por persona 	2017	5.731
4109102041 Sevilla sección 02041	Renta media por hogar	2017	14.771
4109102042 Sevilla sección 02042	Renta media por persona 	2017	6.247
4109102042 Sevilla sección 02042	Renta media por hogar	2017	17.716
4109102043 Sevilla sección 02043	Renta media por persona 	2017	8.527
4109102043 Sevilla sección 02043	Renta media por hogar	2017	24.042
4109102044 Sevilla sección 02044	Renta media por persona 	2017	15.920
4109102044 Sevilla sección 02044	Renta media por hogar	2017	38.702
4109102045 Sevilla sección 02045	Renta media por persona 	2017	13.318
4109102045 Sevilla sección 02045	Renta media por hogar	2017	30.517
4109102047 Sevilla sección 02047	Renta media por persona 	2017	4.596
4109102047 Sevilla sección 02047	Renta media por hogar	2017	13.726
4109102048 Sevilla sección 02048	Renta media por persona 	2017	16.218
4109102048 Sevilla sección 02048	Renta media por hogar	2017	38.256
4109102049 Sevilla sección 02049	Renta media por persona 	2017	7.360
4109102049 Sevilla sección 02049	Renta media por hogar	2017	19.870
4109102050 Sevilla sección 02050	Renta media por persona 	2017	9.060
4109102050 Sevilla sección 02050	Renta media por hogar	2017	20.857
4109102051 Sevilla sección 02051	Renta media por persona 	2017	9.183
4109102051 Sevilla sección 02051	Renta media por hogar	2017	21.107
4109102052 Sevilla sección 02052	Renta media por persona 	2017	6.748
4109102052 Sevilla sección 02052	Renta media por hogar	2017	17.702
4109102053 Sevilla sección 02053	Renta media por persona 	2017	11.090
4109102053 Sevilla sección 02053	Renta media por hogar	2017	25.194
4109102054 Sevilla sección 02054	Renta media por persona 	2017	7.442
4109102054 Sevilla sección 02054	Renta media por hogar	2017	19.918
4109102055 Sevilla sección 02055	Renta media por persona 	2017	8.359
4109102055 Sevilla sección 02055	Renta media por hogar	2017	21.014
4109102056 Sevilla sección 02056	Renta media por persona 	2017	10.576
4109102056 Sevilla sección 02056	Renta media por hogar	2017	28.124
4109102057 Sevilla sección 02057	Renta media por persona 	2017	9.142
4109102057 Sevilla sección 02057	Renta media por hogar	2017	22.473
4109102058 Sevilla sección 02058	Renta media por persona 	2017	5.445
4109102058 Sevilla sección 02058	Renta media por hogar	2017	16.307
4109102059 Sevilla sección 02059	Renta media por persona 	2017	""
4109102059 Sevilla sección 02059	Renta media por hogar	2017	""
4109102060 Sevilla sección 02060	Renta media por persona 	2017	10.449
4109102060 Sevilla sección 02060	Renta media por hogar	2017	22.988
4109102061 Sevilla sección 02061	Renta media por persona 	2017	12.268
4109102061 Sevilla sección 02061	Renta media por hogar	2017	28.000
4109102063 Sevilla sección 02063	Renta media por persona 	2017	9.766
4109102063 Sevilla sección 02063	Renta media por hogar	2017	23.276
4109102064 Sevilla sección 02064	Renta media por persona 	2017	11.244
4109102064 Sevilla sección 02064	Renta media por hogar	2017	28.442
4109102065 Sevilla sección 02065	Renta media por persona 	2017	12.677
4109102065 Sevilla sección 02065	Renta media por hogar	2017	32.860
4109102066 Sevilla sección 02066	Renta media por persona 	2017	13.003
4109102066 Sevilla sección 02066	Renta media por hogar	2017	30.499
4109102067 Sevilla sección 02067	Renta media por persona 	2017	13.882
4109102067 Sevilla sección 02067	Renta media por hogar	2017	35.284
4109103001 Sevilla sección 03001	Renta media por persona 	2017	15.359
4109103001 Sevilla sección 03001	Renta media por hogar	2017	37.600
4109103002 Sevilla sección 03002	Renta media por persona 	2017	16.463
4109103002 Sevilla sección 03002	Renta media por hogar	2017	40.837
4109103003 Sevilla sección 03003	Renta media por persona 	2017	18.736
4109103003 Sevilla sección 03003	Renta media por hogar	2017	47.105
4109103004 Sevilla sección 03004	Renta media por persona 	2017	13.775
4109103004 Sevilla sección 03004	Renta media por hogar	2017	33.111
4109103005 Sevilla sección 03005	Renta media por persona 	2017	17.230
4109103005 Sevilla sección 03005	Renta media por hogar	2017	49.318
4109103006 Sevilla sección 03006	Renta media por persona 	2017	20.002
4109103006 Sevilla sección 03006	Renta media por hogar	2017	53.804
4109103007 Sevilla sección 03007	Renta media por persona 	2017	12.378
4109103007 Sevilla sección 03007	Renta media por hogar	2017	29.338
4109103008 Sevilla sección 03008	Renta media por persona 	2017	16.933
4109103008 Sevilla sección 03008	Renta media por hogar	2017	40.086
4109103009 Sevilla sección 03009	Renta media por persona 	2017	16.014
4109103009 Sevilla sección 03009	Renta media por hogar	2017	40.340
4109103010 Sevilla sección 03010	Renta media por persona 	2017	17.838
4109103010 Sevilla sección 03010	Renta media por hogar	2017	50.048
4109103011 Sevilla sección 03011	Renta media por persona 	2017	14.311
4109103011 Sevilla sección 03011	Renta media por hogar	2017	42.577
4109103012 Sevilla sección 03012	Renta media por persona 	2017	15.071
4109103012 Sevilla sección 03012	Renta media por hogar	2017	34.862
4109103013 Sevilla sección 03013	Renta media por persona 	2017	17.139
4109103013 Sevilla sección 03013	Renta media por hogar	2017	44.150
4109103014 Sevilla sección 03014	Renta media por persona 	2017	17.322
4109103014 Sevilla sección 03014	Renta media por hogar	2017	46.325
4109103015 Sevilla sección 03015	Renta media por persona 	2017	16.066
4109103015 Sevilla sección 03015	Renta media por hogar	2017	43.575
4109103016 Sevilla sección 03016	Renta media por persona 	2017	14.833
4109103016 Sevilla sección 03016	Renta media por hogar	2017	36.509
4109103017 Sevilla sección 03017	Renta media por persona 	2017	20.491
4109103017 Sevilla sección 03017	Renta media por hogar	2017	61.123
4109103019 Sevilla sección 03019	Renta media por persona 	2017	10.974
4109103019 Sevilla sección 03019	Renta media por hogar	2017	28.244
4109103020 Sevilla sección 03020	Renta media por persona 	2017	10.939
4109103020 Sevilla sección 03020	Renta media por hogar	2017	27.121
4109103021 Sevilla sección 03021	Renta media por persona 	2017	11.051
4109103021 Sevilla sección 03021	Renta media por hogar	2017	28.215
4109103022 Sevilla sección 03022	Renta media por persona 	2017	10.470
4109103022 Sevilla sección 03022	Renta media por hogar	2017	25.901
4109103023 Sevilla sección 03023	Renta media por persona 	2017	12.760
4109103023 Sevilla sección 03023	Renta media por hogar	2017	33.599
4109103024 Sevilla sección 03024	Renta media por persona 	2017	11.061
4109103024 Sevilla sección 03024	Renta media por hogar	2017	27.141
4109103025 Sevilla sección 03025	Renta media por persona 	2017	13.022
4109103025 Sevilla sección 03025	Renta media por hogar	2017	28.512
4109103026 Sevilla sección 03026	Renta media por persona 	2017	12.529
4109103026 Sevilla sección 03026	Renta media por hogar	2017	30.640
4109103027 Sevilla sección 03027	Renta media por persona 	2017	18.326
4109103027 Sevilla sección 03027	Renta media por hogar	2017	44.561
4109103028 Sevilla sección 03028	Renta media por persona 	2017	21.377
4109103028 Sevilla sección 03028	Renta media por hogar	2017	64.328
4109103029 Sevilla sección 03029	Renta media por persona 	2017	17.726
4109103029 Sevilla sección 03029	Renta media por hogar	2017	47.651
4109103030 Sevilla sección 03030	Renta media por persona 	2017	15.554
4109103030 Sevilla sección 03030	Renta media por hogar	2017	37.949
4109103031 Sevilla sección 03031	Renta media por persona 	2017	14.366
4109103031 Sevilla sección 03031	Renta media por hogar	2017	34.479
4109103032 Sevilla sección 03032	Renta media por persona 	2017	18.219
4109103032 Sevilla sección 03032	Renta media por hogar	2017	49.015
4109103033 Sevilla sección 03033	Renta media por persona 	2017	16.257
4109103033 Sevilla sección 03033	Renta media por hogar	2017	44.539
4109103034 Sevilla sección 03034	Renta media por persona 	2017	15.688
4109103034 Sevilla sección 03034	Renta media por hogar	2017	40.323
4109103035 Sevilla sección 03035	Renta media por persona 	2017	15.163
4109103035 Sevilla sección 03035	Renta media por hogar	2017	38.188
4109103036 Sevilla sección 03036	Renta media por persona 	2017	16.669
4109103036 Sevilla sección 03036	Renta media por hogar	2017	43.569
4109103037 Sevilla sección 03037	Renta media por persona 	2017	17.646
4109103037 Sevilla sección 03037	Renta media por hogar	2017	45.060
4109103038 Sevilla sección 03038	Renta media por persona 	2017	20.654
4109103038 Sevilla sección 03038	Renta media por hogar	2017	59.672
4109103039 Sevilla sección 03039	Renta media por persona 	2017	14.934
4109103039 Sevilla sección 03039	Renta media por hogar	2017	36.455
4109103040 Sevilla sección 03040	Renta media por persona 	2017	17.860
4109103040 Sevilla sección 03040	Renta media por hogar	2017	51.705
4109103041 Sevilla sección 03041	Renta media por persona 	2017	17.948
4109103041 Sevilla sección 03041	Renta media por hogar	2017	49.613
4109104001 Sevilla sección 04001	Renta media por persona 	2017	5.439
4109104001 Sevilla sección 04001	Renta media por hogar	2017	12.202
4109104002 Sevilla sección 04002	Renta media por persona 	2017	5.055
4109104002 Sevilla sección 04002	Renta media por hogar	2017	12.328
4109104003 Sevilla sección 04003	Renta media por persona 	2017	4.696
4109104003 Sevilla sección 04003	Renta media por hogar	2017	12.087
4109104004 Sevilla sección 04004	Renta media por persona 	2017	4.787
4109104004 Sevilla sección 04004	Renta media por hogar	2017	12.087
4109104005 Sevilla sección 04005	Renta media por persona 	2017	4.452
4109104005 Sevilla sección 04005	Renta media por hogar	2017	12.242
4109104006 Sevilla sección 04006	Renta media por persona 	2017	4.893
4109104006 Sevilla sección 04006	Renta media por hogar	2017	12.442
4109104007 Sevilla sección 04007	Renta media por persona 	2017	6.742
4109104007 Sevilla sección 04007	Renta media por hogar	2017	15.740
4109104008 Sevilla sección 04008	Renta media por persona 	2017	5.777
4109104008 Sevilla sección 04008	Renta media por hogar	2017	15.420
4109104009 Sevilla sección 04009	Renta media por persona 	2017	5.945
4109104009 Sevilla sección 04009	Renta media por hogar	2017	16.038
4109104010 Sevilla sección 04010	Renta media por persona 	2017	6.763
4109104010 Sevilla sección 04010	Renta media por hogar	2017	21.947
4109104011 Sevilla sección 04011	Renta media por persona 	2017	7.168
4109104011 Sevilla sección 04011	Renta media por hogar	2017	16.080
4109104012 Sevilla sección 04012	Renta media por persona 	2017	7.026
4109104012 Sevilla sección 04012	Renta media por hogar	2017	17.346
4109104013 Sevilla sección 04013	Renta media por persona 	2017	6.047
4109104013 Sevilla sección 04013	Renta media por hogar	2017	14.665
4109104014 Sevilla sección 04014	Renta media por persona 	2017	9.313
4109104014 Sevilla sección 04014	Renta media por hogar	2017	23.541
4109104015 Sevilla sección 04015	Renta media por persona 	2017	10.674
4109104015 Sevilla sección 04015	Renta media por hogar	2017	30.019
4109104016 Sevilla sección 04016	Renta media por persona 	2017	6.946
4109104016 Sevilla sección 04016	Renta media por hogar	2017	18.076
4109104017 Sevilla sección 04017	Renta media por persona 	2017	8.059
4109104017 Sevilla sección 04017	Renta media por hogar	2017	20.610
4109104018 Sevilla sección 04018	Renta media por persona 	2017	7.872
4109104018 Sevilla sección 04018	Renta media por hogar	2017	20.232
4109104019 Sevilla sección 04019	Renta media por persona 	2017	8.741
4109104019 Sevilla sección 04019	Renta media por hogar	2017	22.652
4109104020 Sevilla sección 04020	Renta media por persona 	2017	8.263
4109104020 Sevilla sección 04020	Renta media por hogar	2017	20.610
4109104021 Sevilla sección 04021	Renta media por persona 	2017	7.720
4109104021 Sevilla sección 04021	Renta media por hogar	2017	20.004
4109104022 Sevilla sección 04022	Renta media por persona 	2017	8.614
4109104022 Sevilla sección 04022	Renta media por hogar	2017	22.125
4109104023 Sevilla sección 04023	Renta media por persona 	2017	10.324
4109104023 Sevilla sección 04023	Renta media por hogar	2017	25.103
4109104024 Sevilla sección 04024	Renta media por persona 	2017	10.599
4109104024 Sevilla sección 04024	Renta media por hogar	2017	25.999
4109104025 Sevilla sección 04025	Renta media por persona 	2017	8.443
4109104025 Sevilla sección 04025	Renta media por hogar	2017	21.445
4109104026 Sevilla sección 04026	Renta media por persona 	2017	8.366
4109104026 Sevilla sección 04026	Renta media por hogar	2017	21.327
4109104027 Sevilla sección 04027	Renta media por persona 	2017	4.550
4109104027 Sevilla sección 04027	Renta media por hogar	2017	12.087
4109104028 Sevilla sección 04028	Renta media por persona 	2017	4.794
4109104028 Sevilla sección 04028	Renta media por hogar	2017	12.430
4109104029 Sevilla sección 04029	Renta media por persona 	2017	5.001
4109104029 Sevilla sección 04029	Renta media por hogar	2017	13.250
4109104030 Sevilla sección 04030	Renta media por persona 	2017	5.503
4109104030 Sevilla sección 04030	Renta media por hogar	2017	14.432
4109104031 Sevilla sección 04031	Renta media por persona 	2017	7.264
4109104031 Sevilla sección 04031	Renta media por hogar	2017	18.773
4109104032 Sevilla sección 04032	Renta media por persona 	2017	9.820
4109104032 Sevilla sección 04032	Renta media por hogar	2017	24.467
4109104033 Sevilla sección 04033	Renta media por persona 	2017	7.949
4109104033 Sevilla sección 04033	Renta media por hogar	2017	21.254
4109104034 Sevilla sección 04034	Renta media por persona 	2017	9.602
4109104034 Sevilla sección 04034	Renta media por hogar	2017	27.521
4109104035 Sevilla sección 04035	Renta media por persona 	2017	7.765
4109104035 Sevilla sección 04035	Renta media por hogar	2017	21.131
4109104036 Sevilla sección 04036	Renta media por persona 	2017	6.367
4109104036 Sevilla sección 04036	Renta media por hogar	2017	15.845
4109104037 Sevilla sección 04037	Renta media por persona 	2017	7.051
4109104037 Sevilla sección 04037	Renta media por hogar	2017	18.974
4109104038 Sevilla sección 04038	Renta media por persona 	2017	5.430
4109104038 Sevilla sección 04038	Renta media por hogar	2017	14.143
4109104039 Sevilla sección 04039	Renta media por persona 	2017	8.095
4109104039 Sevilla sección 04039	Renta media por hogar	2017	20.370
4109104040 Sevilla sección 04040	Renta media por persona 	2017	8.398
4109104040 Sevilla sección 04040	Renta media por hogar	2017	22.263
4109104041 Sevilla sección 04041	Renta media por persona 	2017	10.282
4109104041 Sevilla sección 04041	Renta media por hogar	2017	28.018
4109104042 Sevilla sección 04042	Renta media por persona 	2017	8.669
4109104042 Sevilla sección 04042	Renta media por hogar	2017	24.284
4109104043 Sevilla sección 04043	Renta media por persona 	2017	8.362
4109104043 Sevilla sección 04043	Renta media por hogar	2017	21.923
4109104044 Sevilla sección 04044	Renta media por persona 	2017	8.522
4109104044 Sevilla sección 04044	Renta media por hogar	2017	22.220
4109104045 Sevilla sección 04045	Renta media por persona 	2017	9.550
4109104045 Sevilla sección 04045	Renta media por hogar	2017	25.735
4109104046 Sevilla sección 04046	Renta media por persona 	2017	9.364
4109104046 Sevilla sección 04046	Renta media por hogar	2017	23.714
4109104047 Sevilla sección 04047	Renta media por persona 	2017	8.036
4109104047 Sevilla sección 04047	Renta media por hogar	2017	18.957
4109104048 Sevilla sección 04048	Renta media por persona 	2017	8.599
4109104048 Sevilla sección 04048	Renta media por hogar	2017	21.208
4109104049 Sevilla sección 04049	Renta media por persona 	2017	8.892
4109104049 Sevilla sección 04049	Renta media por hogar	2017	22.537
4109104050 Sevilla sección 04050	Renta media por persona 	2017	8.748
4109104050 Sevilla sección 04050	Renta media por hogar	2017	21.539
4109104052 Sevilla sección 04052	Renta media por persona 	2017	5.895
4109104052 Sevilla sección 04052	Renta media por hogar	2017	15.787
4109104053 Sevilla sección 04053	Renta media por persona 	2017	8.211
4109104053 Sevilla sección 04053	Renta media por hogar	2017	20.356
4109104054 Sevilla sección 04054	Renta media por persona 	2017	6.103
4109104054 Sevilla sección 04054	Renta media por hogar	2017	16.552
4109104055 Sevilla sección 04055	Renta media por persona 	2017	6.293
4109104055 Sevilla sección 04055	Renta media por hogar	2017	19.924
4109104056 Sevilla sección 04056	Renta media por persona 	2017	9.762
4109104056 Sevilla sección 04056	Renta media por hogar	2017	24.827
4109104057 Sevilla sección 04057	Renta media por persona 	2017	7.239
4109104057 Sevilla sección 04057	Renta media por hogar	2017	22.459
4109104058 Sevilla sección 04058	Renta media por persona 	2017	7.748
4109104058 Sevilla sección 04058	Renta media por hogar	2017	22.610
4109104059 Sevilla sección 04059	Renta media por persona 	2017	10.673
4109104059 Sevilla sección 04059	Renta media por hogar	2017	27.944
4109104060 Sevilla sección 04060	Renta media por persona 	2017	5.946
4109104060 Sevilla sección 04060	Renta media por hogar	2017	17.839
4109104061 Sevilla sección 04061	Renta media por persona 	2017	6.512
4109104061 Sevilla sección 04061	Renta media por hogar	2017	20.164
4109104062 Sevilla sección 04062	Renta media por persona 	2017	6.407
4109104062 Sevilla sección 04062	Renta media por hogar	2017	18.603
4109104063 Sevilla sección 04063	Renta media por persona 	2017	6.114
4109104063 Sevilla sección 04063	Renta media por hogar	2017	17.926
4109104064 Sevilla sección 04064	Renta media por persona 	2017	5.814
4109104064 Sevilla sección 04064	Renta media por hogar	2017	17.360
4109104065 Sevilla sección 04065	Renta media por persona 	2017	8.825
4109104065 Sevilla sección 04065	Renta media por hogar	2017	23.066
4109104066 Sevilla sección 04066	Renta media por persona 	2017	5.080
4109104066 Sevilla sección 04066	Renta media por hogar	2017	14.532
4109104067 Sevilla sección 04067	Renta media por persona 	2017	8.080
4109104067 Sevilla sección 04067	Renta media por hogar	2017	24.339
4109104068 Sevilla sección 04068	Renta media por persona 	2017	7.841
4109104068 Sevilla sección 04068	Renta media por hogar	2017	23.118
4109104069 Sevilla sección 04069	Renta media por persona 	2017	7.938
4109104069 Sevilla sección 04069	Renta media por hogar	2017	21.661
4109105001 Sevilla sección 05001	Renta media por persona 	2017	21.438
4109105001 Sevilla sección 05001	Renta media por hogar	2017	60.413
4109105002 Sevilla sección 05002	Renta media por persona 	2017	19.910
4109105002 Sevilla sección 05002	Renta media por hogar	2017	55.214
4109105003 Sevilla sección 05003	Renta media por persona 	2017	17.864
4109105003 Sevilla sección 05003	Renta media por hogar	2017	49.708
4109105004 Sevilla sección 05004	Renta media por persona 	2017	15.495
4109105004 Sevilla sección 05004	Renta media por hogar	2017	41.397
4109105005 Sevilla sección 05005	Renta media por persona 	2017	17.745
4109105005 Sevilla sección 05005	Renta media por hogar	2017	54.268
4109105006 Sevilla sección 05006	Renta media por persona 	2017	15.356
4109105006 Sevilla sección 05006	Renta media por hogar	2017	39.256
4109105007 Sevilla sección 05007	Renta media por persona 	2017	15.347
4109105007 Sevilla sección 05007	Renta media por hogar	2017	46.345
4109105008 Sevilla sección 05008	Renta media por persona 	2017	14.057
4109105008 Sevilla sección 05008	Renta media por hogar	2017	35.877
4109105009 Sevilla sección 05009	Renta media por persona 	2017	10.406
4109105009 Sevilla sección 05009	Renta media por hogar	2017	25.546
4109105010 Sevilla sección 05010	Renta media por persona 	2017	6.632
4109105010 Sevilla sección 05010	Renta media por hogar	2017	17.734
4109105011 Sevilla sección 05011	Renta media por persona 	2017	3.882
4109105011 Sevilla sección 05011	Renta media por hogar	2017	12.087
4109105012 Sevilla sección 05012	Renta media por persona 	2017	9.582
4109105012 Sevilla sección 05012	Renta media por hogar	2017	21.750
4109105013 Sevilla sección 05013	Renta media por persona 	2017	3.431
4109105013 Sevilla sección 05013	Renta media por hogar	2017	12.087
4109105014 Sevilla sección 05014	Renta media por persona 	2017	15.060
4109105014 Sevilla sección 05014	Renta media por hogar	2017	38.961
4109105015 Sevilla sección 05015	Renta media por persona 	2017	8.874
4109105015 Sevilla sección 05015	Renta media por hogar	2017	23.300
4109105016 Sevilla sección 05016	Renta media por persona 	2017	8.794
4109105016 Sevilla sección 05016	Renta media por hogar	2017	19.200
4109105017 Sevilla sección 05017	Renta media por persona 	2017	14.859
4109105017 Sevilla sección 05017	Renta media por hogar	2017	40.919
4109105018 Sevilla sección 05018	Renta media por persona 	2017	4.343
4109105018 Sevilla sección 05018	Renta media por hogar	2017	12.478
4109105019 Sevilla sección 05019	Renta media por persona 	2017	21.826
4109105019 Sevilla sección 05019	Renta media por hogar	2017	57.695
4109105020 Sevilla sección 05020	Renta media por persona 	2017	16.224
4109105020 Sevilla sección 05020	Renta media por hogar	2017	43.430
4109105021 Sevilla sección 05021	Renta media por persona 	2017	14.014
4109105021 Sevilla sección 05021	Renta media por hogar	2017	36.083
4109105022 Sevilla sección 05022	Renta media por persona 	2017	18.808
4109105022 Sevilla sección 05022	Renta media por hogar	2017	60.679
4109105023 Sevilla sección 05023	Renta media por persona 	2017	18.467
4109105023 Sevilla sección 05023	Renta media por hogar	2017	55.400
4109105024 Sevilla sección 05024	Renta media por persona 	2017	10.452
4109105024 Sevilla sección 05024	Renta media por hogar	2017	23.456
4109105025 Sevilla sección 05025	Renta media por persona 	2017	18.538
4109105025 Sevilla sección 05025	Renta media por hogar	2017	54.055
4109105027 Sevilla sección 05027	Renta media por persona 	2017	13.389
4109105027 Sevilla sección 05027	Renta media por hogar	2017	30.566
4109105029 Sevilla sección 05029	Renta media por persona 	2017	14.671
4109105029 Sevilla sección 05029	Renta media por hogar	2017	34.744
4109105030 Sevilla sección 05030	Renta media por persona 	2017	14.853
4109105030 Sevilla sección 05030	Renta media por hogar	2017	37.838
4109105031 Sevilla sección 05031	Renta media por persona 	2017	5.894
4109105031 Sevilla sección 05031	Renta media por hogar	2017	15.668
4109105032 Sevilla sección 05032	Renta media por persona 	2017	8.461
4109105032 Sevilla sección 05032	Renta media por hogar	2017	20.252
4109105033 Sevilla sección 05033	Renta media por persona 	2017	6.775
4109105033 Sevilla sección 05033	Renta media por hogar	2017	17.436
4109105034 Sevilla sección 05034	Renta media por persona 	2017	5.442
4109105034 Sevilla sección 05034	Renta media por hogar	2017	14.591
4109105035 Sevilla sección 05035	Renta media por persona 	2017	5.888
4109105035 Sevilla sección 05035	Renta media por hogar	2017	15.395
4109105036 Sevilla sección 05036	Renta media por persona 	2017	9.944
4109105036 Sevilla sección 05036	Renta media por hogar	2017	24.236
4109105037 Sevilla sección 05037	Renta media por persona 	2017	11.653
4109105037 Sevilla sección 05037	Renta media por hogar	2017	26.769
4109105038 Sevilla sección 05038	Renta media por persona 	2017	9.974
4109105038 Sevilla sección 05038	Renta media por hogar	2017	22.385
4109105039 Sevilla sección 05039	Renta media por persona 	2017	9.947
4109105039 Sevilla sección 05039	Renta media por hogar	2017	21.416
4109105040 Sevilla sección 05040	Renta media por persona 	2017	14.130
4109105040 Sevilla sección 05040	Renta media por hogar	2017	31.702
4109105041 Sevilla sección 05041	Renta media por persona 	2017	18.662
4109105041 Sevilla sección 05041	Renta media por hogar	2017	53.842
4109105042 Sevilla sección 05042	Renta media por persona 	2017	6.673
4109105042 Sevilla sección 05042	Renta media por hogar	2017	18.557
4109105043 Sevilla sección 05043	Renta media por persona 	2017	8.068
4109105043 Sevilla sección 05043	Renta media por hogar	2017	21.700
4109105044 Sevilla sección 05044	Renta media por persona 	2017	5.057
4109105044 Sevilla sección 05044	Renta media por hogar	2017	14.175
4109105045 Sevilla sección 05045	Renta media por persona 	2017	3.431
4109105045 Sevilla sección 05045	Renta media por hogar	2017	12.087
4109105046 Sevilla sección 05046	Renta media por persona 	2017	7.931
4109105046 Sevilla sección 05046	Renta media por hogar	2017	22.362
4109105047 Sevilla sección 05047	Renta media por persona 	2017	3.671
4109105047 Sevilla sección 05047	Renta media por hogar	2017	12.087
4109105048 Sevilla sección 05048	Renta media por persona 	2017	20.612
4109105048 Sevilla sección 05048	Renta media por hogar	2017	70.943
4109105049 Sevilla sección 05049	Renta media por persona 	2017	8.664
4109105049 Sevilla sección 05049	Renta media por hogar	2017	23.166
4109105050 Sevilla sección 05050	Renta media por persona 	2017	4.592
4109105050 Sevilla sección 05050	Renta media por hogar	2017	12.909
4109105051 Sevilla sección 05051	Renta media por persona 	2017	7.010
4109105051 Sevilla sección 05051	Renta media por hogar	2017	20.473
4109105052 Sevilla sección 05052	Renta media por persona 	2017	3.442
4109105052 Sevilla sección 05052	Renta media por hogar	2017	12.087
4109105053 Sevilla sección 05053	Renta media por persona 	2017	""
4109105053 Sevilla sección 05053	Renta media por hogar	2017	""
4109105054 Sevilla sección 05054	Renta media por persona 	2017	13.701
4109105054 Sevilla sección 05054	Renta media por hogar	2017	35.025
4109105055 Sevilla sección 05055	Renta media por persona 	2017	""
4109105055 Sevilla sección 05055	Renta media por hogar	2017	""
4109105056 Sevilla sección 05056	Renta media por persona 	2017	3.431
4109105056 Sevilla sección 05056	Renta media por hogar	2017	12.087
4109105057 Sevilla sección 05057	Renta media por persona 	2017	17.988
4109105057 Sevilla sección 05057	Renta media por hogar	2017	51.343
4109105073 Sevilla sección 05073	Renta media por persona 	2017	""
4109105073 Sevilla sección 05073	Renta media por hogar	2017	""
4109106001 Sevilla sección 06001	Renta media por persona 	2017	18.027
4109106001 Sevilla sección 06001	Renta media por hogar	2017	43.205
4109106002 Sevilla sección 06002	Renta media por persona 	2017	16.232
4109106002 Sevilla sección 06002	Renta media por hogar	2017	39.270
4109106003 Sevilla sección 06003	Renta media por persona 	2017	14.153
4109106003 Sevilla sección 06003	Renta media por hogar	2017	36.688
4109106004 Sevilla sección 06004	Renta media por persona 	2017	13.499
4109106004 Sevilla sección 06004	Renta media por hogar	2017	32.523
4109106005 Sevilla sección 06005	Renta media por persona 	2017	13.228
4109106005 Sevilla sección 06005	Renta media por hogar	2017	33.442
4109106006 Sevilla sección 06006	Renta media por persona 	2017	14.267
4109106006 Sevilla sección 06006	Renta media por hogar	2017	33.086
4109106007 Sevilla sección 06007	Renta media por persona 	2017	11.824
4109106007 Sevilla sección 06007	Renta media por hogar	2017	28.259
4109106008 Sevilla sección 06008	Renta media por persona 	2017	14.868
4109106008 Sevilla sección 06008	Renta media por hogar	2017	33.179
4109106009 Sevilla sección 06009	Renta media por persona 	2017	12.992
4109106009 Sevilla sección 06009	Renta media por hogar	2017	32.412
4109106010 Sevilla sección 06010	Renta media por persona 	2017	13.462
4109106010 Sevilla sección 06010	Renta media por hogar	2017	31.828
4109106011 Sevilla sección 06011	Renta media por persona 	2017	15.275
4109106011 Sevilla sección 06011	Renta media por hogar	2017	33.345
4109106012 Sevilla sección 06012	Renta media por persona 	2017	14.676
4109106012 Sevilla sección 06012	Renta media por hogar	2017	36.025
4109106013 Sevilla sección 06013	Renta media por persona 	2017	12.363
4109106013 Sevilla sección 06013	Renta media por hogar	2017	33.485
4109106014 Sevilla sección 06014	Renta media por persona 	2017	12.486
4109106014 Sevilla sección 06014	Renta media por hogar	2017	34.594
4109106015 Sevilla sección 06015	Renta media por persona 	2017	13.472
4109106015 Sevilla sección 06015	Renta media por hogar	2017	31.927
4109106016 Sevilla sección 06016	Renta media por persona 	2017	13.927
4109106016 Sevilla sección 06016	Renta media por hogar	2017	35.264
4109106017 Sevilla sección 06017	Renta media por persona 	2017	14.218
4109106017 Sevilla sección 06017	Renta media por hogar	2017	36.705
4109106018 Sevilla sección 06018	Renta media por persona 	2017	11.501
4109106018 Sevilla sección 06018	Renta media por hogar	2017	27.917
4109106019 Sevilla sección 06019	Renta media por persona 	2017	11.947
4109106019 Sevilla sección 06019	Renta media por hogar	2017	30.185
4109106020 Sevilla sección 06020	Renta media por persona 	2017	12.285
4109106020 Sevilla sección 06020	Renta media por hogar	2017	31.025
4109106021 Sevilla sección 06021	Renta media por persona 	2017	11.011
4109106021 Sevilla sección 06021	Renta media por hogar	2017	28.008
4109106022 Sevilla sección 06022	Renta media por persona 	2017	13.403
4109106022 Sevilla sección 06022	Renta media por hogar	2017	32.328
4109106023 Sevilla sección 06023	Renta media por persona 	2017	13.490
4109106023 Sevilla sección 06023	Renta media por hogar	2017	32.478
4109106024 Sevilla sección 06024	Renta media por persona 	2017	11.092
4109106024 Sevilla sección 06024	Renta media por hogar	2017	28.474
4109106025 Sevilla sección 06025	Renta media por persona 	2017	14.738
4109106025 Sevilla sección 06025	Renta media por hogar	2017	35.593
4109106026 Sevilla sección 06026	Renta media por persona 	2017	12.340
4109106026 Sevilla sección 06026	Renta media por hogar	2017	29.018
4109106027 Sevilla sección 06027	Renta media por persona 	2017	10.695
4109106027 Sevilla sección 06027	Renta media por hogar	2017	25.064
4109106028 Sevilla sección 06028	Renta media por persona 	2017	9.766
4109106028 Sevilla sección 06028	Renta media por hogar	2017	22.463
4109106029 Sevilla sección 06029	Renta media por persona 	2017	14.169
4109106029 Sevilla sección 06029	Renta media por hogar	2017	36.517
4109106030 Sevilla sección 06030	Renta media por persona 	2017	13.511
4109106030 Sevilla sección 06030	Renta media por hogar	2017	34.800
4109106031 Sevilla sección 06031	Renta media por persona 	2017	15.121
4109106031 Sevilla sección 06031	Renta media por hogar	2017	38.631
4109106032 Sevilla sección 06032	Renta media por persona 	2017	11.442
4109106032 Sevilla sección 06032	Renta media por hogar	2017	26.169
4109106033 Sevilla sección 06033	Renta media por persona 	2017	11.711
4109106033 Sevilla sección 06033	Renta media por hogar	2017	29.517
4109106034 Sevilla sección 06034	Renta media por persona 	2017	12.505
4109106034 Sevilla sección 06034	Renta media por hogar	2017	30.702
4109106035 Sevilla sección 06035	Renta media por persona 	2017	11.657
4109106035 Sevilla sección 06035	Renta media por hogar	2017	28.032
4109106036 Sevilla sección 06036	Renta media por persona 	2017	16.441
4109106036 Sevilla sección 06036	Renta media por hogar	2017	43.381
4109106037 Sevilla sección 06037	Renta media por persona 	2017	17.245
4109106037 Sevilla sección 06037	Renta media por hogar	2017	46.375
4109106038 Sevilla sección 06038	Renta media por persona 	2017	9.389
4109106038 Sevilla sección 06038	Renta media por hogar	2017	21.999
4109106039 Sevilla sección 06039	Renta media por persona 	2017	11.978
4109106039 Sevilla sección 06039	Renta media por hogar	2017	30.077
4109106040 Sevilla sección 06040	Renta media por persona 	2017	8.963
4109106040 Sevilla sección 06040	Renta media por hogar	2017	21.214
4109106041 Sevilla sección 06041	Renta media por persona 	2017	8.076
4109106041 Sevilla sección 06041	Renta media por hogar	2017	19.290
4109106042 Sevilla sección 06042	Renta media por persona 	2017	9.996
4109106042 Sevilla sección 06042	Renta media por hogar	2017	23.178
4109106043 Sevilla sección 06043	Renta media por persona 	2017	10.174
4109106043 Sevilla sección 06043	Renta media por hogar	2017	23.447
4109107001 Sevilla sección 07001	Renta media por persona 	2017	12.087
4109107001 Sevilla sección 07001	Renta media por hogar	2017	32.483
4109107002 Sevilla sección 07002	Renta media por persona 	2017	11.789
4109107002 Sevilla sección 07002	Renta media por hogar	2017	32.272
4109107003 Sevilla sección 07003	Renta media por persona 	2017	9.129
4109107003 Sevilla sección 07003	Renta media por hogar	2017	22.578
4109107004 Sevilla sección 07004	Renta media por persona 	2017	10.774
4109107004 Sevilla sección 07004	Renta media por hogar	2017	30.950
4109107005 Sevilla sección 07005	Renta media por persona 	2017	11.402
4109107005 Sevilla sección 07005	Renta media por hogar	2017	32.356
4109107006 Sevilla sección 07006	Renta media por persona 	2017	9.738
4109107006 Sevilla sección 07006	Renta media por hogar	2017	28.820
4109107007 Sevilla sección 07007	Renta media por persona 	2017	10.133
4109107007 Sevilla sección 07007	Renta media por hogar	2017	27.568
4109107008 Sevilla sección 07008	Renta media por persona 	2017	11.044
4109107008 Sevilla sección 07008	Renta media por hogar	2017	27.659
4109107009 Sevilla sección 07009	Renta media por persona 	2017	7.175
4109107009 Sevilla sección 07009	Renta media por hogar	2017	22.069
4109107010 Sevilla sección 07010	Renta media por persona 	2017	10.111
4109107010 Sevilla sección 07010	Renta media por hogar	2017	30.396
4109107011 Sevilla sección 07011	Renta media por persona 	2017	9.390
4109107011 Sevilla sección 07011	Renta media por hogar	2017	26.595
4109107012 Sevilla sección 07012	Renta media por persona 	2017	9.142
4109107012 Sevilla sección 07012	Renta media por hogar	2017	26.905
4109107013 Sevilla sección 07013	Renta media por persona 	2017	8.359
4109107013 Sevilla sección 07013	Renta media por hogar	2017	21.074
4109107014 Sevilla sección 07014	Renta media por persona 	2017	8.285
4109107014 Sevilla sección 07014	Renta media por hogar	2017	21.685
4109107015 Sevilla sección 07015	Renta media por persona 	2017	8.731
4109107015 Sevilla sección 07015	Renta media por hogar	2017	20.699
4109107016 Sevilla sección 07016	Renta media por persona 	2017	7.675
4109107016 Sevilla sección 07016	Renta media por hogar	2017	19.297
4109107017 Sevilla sección 07017	Renta media por persona 	2017	6.677
4109107017 Sevilla sección 07017	Renta media por hogar	2017	16.168
4109107018 Sevilla sección 07018	Renta media por persona 	2017	8.108
4109107018 Sevilla sección 07018	Renta media por hogar	2017	21.334
4109107019 Sevilla sección 07019	Renta media por persona 	2017	7.816
4109107019 Sevilla sección 07019	Renta media por hogar	2017	20.058
4109107020 Sevilla sección 07020	Renta media por persona 	2017	5.867
4109107020 Sevilla sección 07020	Renta media por hogar	2017	14.602
4109107021 Sevilla sección 07021	Renta media por persona 	2017	7.704
4109107021 Sevilla sección 07021	Renta media por hogar	2017	23.496
4109107022 Sevilla sección 07022	Renta media por persona 	2017	7.936
4109107022 Sevilla sección 07022	Renta media por hogar	2017	26.288
4109107023 Sevilla sección 07023	Renta media por persona 	2017	7.150
4109107023 Sevilla sección 07023	Renta media por hogar	2017	22.187
4109107024 Sevilla sección 07024	Renta media por persona 	2017	8.110
4109107024 Sevilla sección 07024	Renta media por hogar	2017	22.881
4109107025 Sevilla sección 07025	Renta media por persona 	2017	10.723
4109107025 Sevilla sección 07025	Renta media por hogar	2017	32.694
4109107026 Sevilla sección 07026	Renta media por persona 	2017	10.362
4109107026 Sevilla sección 07026	Renta media por hogar	2017	33.827
4109107027 Sevilla sección 07027	Renta media por persona 	2017	9.974
4109107027 Sevilla sección 07027	Renta media por hogar	2017	24.586
4109107028 Sevilla sección 07028	Renta media por persona 	2017	8.824
4109107028 Sevilla sección 07028	Renta media por hogar	2017	23.889
4109107029 Sevilla sección 07029	Renta media por persona 	2017	8.934
4109107029 Sevilla sección 07029	Renta media por hogar	2017	24.114
4109107030 Sevilla sección 07030	Renta media por persona 	2017	7.720
4109107030 Sevilla sección 07030	Renta media por hogar	2017	21.060
4109107031 Sevilla sección 07031	Renta media por persona 	2017	8.672
4109107031 Sevilla sección 07031	Renta media por hogar	2017	24.765
4109107032 Sevilla sección 07032	Renta media por persona 	2017	9.280
4109107032 Sevilla sección 07032	Renta media por hogar	2017	28.759
4109107033 Sevilla sección 07033	Renta media por persona 	2017	8.219
4109107033 Sevilla sección 07033	Renta media por hogar	2017	25.148
4109107034 Sevilla sección 07034	Renta media por persona 	2017	8.744
4109107034 Sevilla sección 07034	Renta media por hogar	2017	22.543
4109107035 Sevilla sección 07035	Renta media por persona 	2017	9.307
4109107035 Sevilla sección 07035	Renta media por hogar	2017	24.598
4109107036 Sevilla sección 07036	Renta media por persona 	2017	8.487
4109107036 Sevilla sección 07036	Renta media por hogar	2017	23.157
4109107037 Sevilla sección 07037	Renta media por persona 	2017	8.416
4109107037 Sevilla sección 07037	Renta media por hogar	2017	22.600
4109107038 Sevilla sección 07038	Renta media por persona 	2017	7.569
4109107038 Sevilla sección 07038	Renta media por hogar	2017	20.137
4109107039 Sevilla sección 07039	Renta media por persona 	2017	7.855
4109107039 Sevilla sección 07039	Renta media por hogar	2017	19.951
4109107040 Sevilla sección 07040	Renta media por persona 	2017	9.603
4109107040 Sevilla sección 07040	Renta media por hogar	2017	27.257
4109107041 Sevilla sección 07041	Renta media por persona 	2017	8.920
4109107041 Sevilla sección 07041	Renta media por hogar	2017	23.585
4109107042 Sevilla sección 07042	Renta media por persona 	2017	8.611
4109107042 Sevilla sección 07042	Renta media por hogar	2017	23.176
4109107043 Sevilla sección 07043	Renta media por persona 	2017	8.893
4109107043 Sevilla sección 07043	Renta media por hogar	2017	24.050
4109107044 Sevilla sección 07044	Renta media por persona 	2017	8.938
4109107044 Sevilla sección 07044	Renta media por hogar	2017	23.624
4109107045 Sevilla sección 07045	Renta media por persona 	2017	8.292
4109107045 Sevilla sección 07045	Renta media por hogar	2017	22.003
4109107046 Sevilla sección 07046	Renta media por persona 	2017	9.069
4109107046 Sevilla sección 07046	Renta media por hogar	2017	25.397
4109107047 Sevilla sección 07047	Renta media por persona 	2017	10.215
4109107047 Sevilla sección 07047	Renta media por hogar	2017	30.986
4109107048 Sevilla sección 07048	Renta media por persona 	2017	9.355
4109107048 Sevilla sección 07048	Renta media por hogar	2017	22.727
4109107049 Sevilla sección 07049	Renta media por persona 	2017	9.642
4109107049 Sevilla sección 07049	Renta media por hogar	2017	22.375
4109107050 Sevilla sección 07050	Renta media por persona 	2017	8.239
4109107050 Sevilla sección 07050	Renta media por hogar	2017	23.190
4109107051 Sevilla sección 07051	Renta media por persona 	2017	9.854
4109107051 Sevilla sección 07051	Renta media por hogar	2017	22.162
4109108001 Sevilla sección 08001	Renta media por persona 	2017	12.852
4109108001 Sevilla sección 08001	Renta media por hogar	2017	31.321
4109108002 Sevilla sección 08002	Renta media por persona 	2017	12.133
4109108002 Sevilla sección 08002	Renta media por hogar	2017	30.196
4109108003 Sevilla sección 08003	Renta media por persona 	2017	16.011
4109108003 Sevilla sección 08003	Renta media por hogar	2017	38.807
4109108004 Sevilla sección 08004	Renta media por persona 	2017	17.637
4109108004 Sevilla sección 08004	Renta media por hogar	2017	43.496
4109108005 Sevilla sección 08005	Renta media por persona 	2017	16.813
4109108005 Sevilla sección 08005	Renta media por hogar	2017	48.078
4109108006 Sevilla sección 08006	Renta media por persona 	2017	15.766
4109108006 Sevilla sección 08006	Renta media por hogar	2017	39.139
4109108007 Sevilla sección 08007	Renta media por persona 	2017	16.645
4109108007 Sevilla sección 08007	Renta media por hogar	2017	42.928
4109108008 Sevilla sección 08008	Renta media por persona 	2017	16.806
4109108008 Sevilla sección 08008	Renta media por hogar	2017	42.909
4109108009 Sevilla sección 08009	Renta media por persona 	2017	13.328
4109108009 Sevilla sección 08009	Renta media por hogar	2017	33.088
4109108010 Sevilla sección 08010	Renta media por persona 	2017	13.518
4109108010 Sevilla sección 08010	Renta media por hogar	2017	34.873
4109108011 Sevilla sección 08011	Renta media por persona 	2017	11.108
4109108011 Sevilla sección 08011	Renta media por hogar	2017	30.195
4109108012 Sevilla sección 08012	Renta media por persona 	2017	10.218
4109108012 Sevilla sección 08012	Renta media por hogar	2017	25.133
4109108013 Sevilla sección 08013	Renta media por persona 	2017	10.185
4109108013 Sevilla sección 08013	Renta media por hogar	2017	24.160
4109108014 Sevilla sección 08014	Renta media por persona 	2017	6.862
4109108014 Sevilla sección 08014	Renta media por hogar	2017	19.007
4109108015 Sevilla sección 08015	Renta media por persona 	2017	13.218
4109108015 Sevilla sección 08015	Renta media por hogar	2017	36.470
4109108016 Sevilla sección 08016	Renta media por persona 	2017	10.024
4109108016 Sevilla sección 08016	Renta media por hogar	2017	26.891
4109108017 Sevilla sección 08017	Renta media por persona 	2017	10.611
4109108017 Sevilla sección 08017	Renta media por hogar	2017	26.822
4109108018 Sevilla sección 08018	Renta media por persona 	2017	15.657
4109108018 Sevilla sección 08018	Renta media por hogar	2017	46.677
4109108019 Sevilla sección 08019	Renta media por persona 	2017	20.604
4109108019 Sevilla sección 08019	Renta media por hogar	2017	63.145
4109108020 Sevilla sección 08020	Renta media por persona 	2017	16.679
4109108020 Sevilla sección 08020	Renta media por hogar	2017	53.187
4109108021 Sevilla sección 08021	Renta media por persona 	2017	7.862
4109108021 Sevilla sección 08021	Renta media por hogar	2017	17.962
4109108022 Sevilla sección 08022	Renta media por persona 	2017	8.174
4109108022 Sevilla sección 08022	Renta media por hogar	2017	19.511
4109108023 Sevilla sección 08023	Renta media por persona 	2017	13.775
4109108023 Sevilla sección 08023	Renta media por hogar	2017	33.025
4109108024 Sevilla sección 08024	Renta media por persona 	2017	9.091
4109108024 Sevilla sección 08024	Renta media por hogar	2017	21.504
4109108025 Sevilla sección 08025	Renta media por persona 	2017	11.218
4109108025 Sevilla sección 08025	Renta media por hogar	2017	30.626
4109108026 Sevilla sección 08026	Renta media por persona 	2017	10.602
4109108026 Sevilla sección 08026	Renta media por hogar	2017	24.624
4109108027 Sevilla sección 08027	Renta media por persona 	2017	10.351
4109108027 Sevilla sección 08027	Renta media por hogar	2017	21.996
4109108028 Sevilla sección 08028	Renta media por persona 	2017	14.223
4109108028 Sevilla sección 08028	Renta media por hogar	2017	32.384
4109108029 Sevilla sección 08029	Renta media por persona 	2017	13.426
4109108029 Sevilla sección 08029	Renta media por hogar	2017	31.879
4109108030 Sevilla sección 08030	Renta media por persona 	2017	11.173
4109108030 Sevilla sección 08030	Renta media por hogar	2017	25.365
4109108031 Sevilla sección 08031	Renta media por persona 	2017	11.341
4109108031 Sevilla sección 08031	Renta media por hogar	2017	27.187
4109108032 Sevilla sección 08032	Renta media por persona 	2017	11.034
4109108032 Sevilla sección 08032	Renta media por hogar	2017	28.946
4109108033 Sevilla sección 08033	Renta media por persona 	2017	12.740
4109108033 Sevilla sección 08033	Renta media por hogar	2017	33.873
4109108034 Sevilla sección 08034	Renta media por persona 	2017	6.958
4109108034 Sevilla sección 08034	Renta media por hogar	2017	17.340
4109108035 Sevilla sección 08035	Renta media por persona 	2017	8.048
4109108035 Sevilla sección 08035	Renta media por hogar	2017	19.469
4109108036 Sevilla sección 08036	Renta media por persona 	2017	17.445
4109108036 Sevilla sección 08036	Renta media por hogar	2017	53.420
4109108037 Sevilla sección 08037	Renta media por persona 	2017	6.798
4109108037 Sevilla sección 08037	Renta media por hogar	2017	16.859
4109108038 Sevilla sección 08038	Renta media por persona 	2017	8.869
4109108038 Sevilla sección 08038	Renta media por hogar	2017	22.571
4109108039 Sevilla sección 08039	Renta media por persona 	2017	9.277
4109108039 Sevilla sección 08039	Renta media por hogar	2017	23.047
4109108041 Sevilla sección 08041	Renta media por persona 	2017	7.440
4109108041 Sevilla sección 08041	Renta media por hogar	2017	19.561
4109108042 Sevilla sección 08042	Renta media por persona 	2017	7.575
4109108042 Sevilla sección 08042	Renta media por hogar	2017	18.339
4109108043 Sevilla sección 08043	Renta media por persona 	2017	8.153
4109108043 Sevilla sección 08043	Renta media por hogar	2017	19.278
4109108045 Sevilla sección 08045	Renta media por persona 	2017	8.114
4109108045 Sevilla sección 08045	Renta media por hogar	2017	20.099
4109108046 Sevilla sección 08046	Renta media por persona 	2017	8.855
4109108046 Sevilla sección 08046	Renta media por hogar	2017	20.741
4109108047 Sevilla sección 08047	Renta media por persona 	2017	6.824
4109108047 Sevilla sección 08047	Renta media por hogar	2017	17.521
4109108048 Sevilla sección 08048	Renta media por persona 	2017	8.054
4109108048 Sevilla sección 08048	Renta media por hogar	2017	19.893
4109108049 Sevilla sección 08049	Renta media por persona 	2017	7.951
4109108049 Sevilla sección 08049	Renta media por hogar	2017	20.251
4109108050 Sevilla sección 08050	Renta media por persona 	2017	8.643
4109108050 Sevilla sección 08050	Renta media por hogar	2017	22.108
4109108051 Sevilla sección 08051	Renta media por persona 	2017	6.839
4109108051 Sevilla sección 08051	Renta media por hogar	2017	16.333
4109108052 Sevilla sección 08052	Renta media por persona 	2017	20.380
4109108052 Sevilla sección 08052	Renta media por hogar	2017	63.754
4109109001 Sevilla sección 09001	Renta media por persona 	2017	6.987
4109109001 Sevilla sección 09001	Renta media por hogar	2017	19.503
4109109002 Sevilla sección 09002	Renta media por persona 	2017	8.880
4109109002 Sevilla sección 09002	Renta media por hogar	2017	27.124
4109109003 Sevilla sección 09003	Renta media por persona 	2017	11.587
4109109003 Sevilla sección 09003	Renta media por hogar	2017	34.827
4109109004 Sevilla sección 09004	Renta media por persona 	2017	10.305
4109109004 Sevilla sección 09004	Renta media por hogar	2017	31.288
4109109005 Sevilla sección 09005	Renta media por persona 	2017	13.207
4109109005 Sevilla sección 09005	Renta media por hogar	2017	41.335
4109109006 Sevilla sección 09006	Renta media por persona 	2017	13.204
4109109006 Sevilla sección 09006	Renta media por hogar	2017	41.448
4109109007 Sevilla sección 09007	Renta media por persona 	2017	16.427
4109109007 Sevilla sección 09007	Renta media por hogar	2017	51.628
4109109008 Sevilla sección 09008	Renta media por persona 	2017	14.714
4109109008 Sevilla sección 09008	Renta media por hogar	2017	43.597
4109109009 Sevilla sección 09009	Renta media por persona 	2017	14.068
4109109009 Sevilla sección 09009	Renta media por hogar	2017	40.728
4109109010 Sevilla sección 09010	Renta media por persona 	2017	15.638
4109109010 Sevilla sección 09010	Renta media por hogar	2017	51.195
4109109011 Sevilla sección 09011	Renta media por persona 	2017	13.127
4109109011 Sevilla sección 09011	Renta media por hogar	2017	40.261
4109109012 Sevilla sección 09012	Renta media por persona 	2017	7.586
4109109012 Sevilla sección 09012	Renta media por hogar	2017	19.994
4109109013 Sevilla sección 09013	Renta media por persona 	2017	8.227
4109109013 Sevilla sección 09013	Renta media por hogar	2017	21.496
4109109014 Sevilla sección 09014	Renta media por persona 	2017	9.609
4109109014 Sevilla sección 09014	Renta media por hogar	2017	26.092
4109109015 Sevilla sección 09015	Renta media por persona 	2017	7.493
4109109015 Sevilla sección 09015	Renta media por hogar	2017	23.441
4109109016 Sevilla sección 09016	Renta media por persona 	2017	7.808
4109109016 Sevilla sección 09016	Renta media por hogar	2017	23.017
4109109017 Sevilla sección 09017	Renta media por persona 	2017	10.490
4109109017 Sevilla sección 09017	Renta media por hogar	2017	23.292
4109109018 Sevilla sección 09018	Renta media por persona 	2017	6.944
4109109018 Sevilla sección 09018	Renta media por hogar	2017	19.341
4109109019 Sevilla sección 09019	Renta media por persona 	2017	3.431
4109109019 Sevilla sección 09019	Renta media por hogar	2017	12.087
4109109020 Sevilla sección 09020	Renta media por persona 	2017	3.980
4109109020 Sevilla sección 09020	Renta media por hogar	2017	12.304
4109109021 Sevilla sección 09021	Renta media por persona 	2017	3.488
4109109021 Sevilla sección 09021	Renta media por hogar	2017	12.087
4109109022 Sevilla sección 09022	Renta media por persona 	2017	4.810
4109109022 Sevilla sección 09022	Renta media por hogar	2017	13.748
4109109023 Sevilla sección 09023	Renta media por persona 	2017	6.561
4109109023 Sevilla sección 09023	Renta media por hogar	2017	17.996
4109109024 Sevilla sección 09024	Renta media por persona 	2017	6.904
4109109024 Sevilla sección 09024	Renta media por hogar	2017	18.676
4109109025 Sevilla sección 09025	Renta media por persona 	2017	6.314
4109109025 Sevilla sección 09025	Renta media por hogar	2017	18.562
4109109026 Sevilla sección 09026	Renta media por persona 	2017	6.324
4109109026 Sevilla sección 09026	Renta media por hogar	2017	19.686
4109109027 Sevilla sección 09027	Renta media por persona 	2017	7.176
4109109027 Sevilla sección 09027	Renta media por hogar	2017	19.690
4109109028 Sevilla sección 09028	Renta media por persona 	2017	11.269
4109109028 Sevilla sección 09028	Renta media por hogar	2017	36.711
4109109029 Sevilla sección 09029	Renta media por persona 	2017	11.204
4109109029 Sevilla sección 09029	Renta media por hogar	2017	36.940
4109109030 Sevilla sección 09030	Renta media por persona 	2017	11.971
4109109030 Sevilla sección 09030	Renta media por hogar	2017	36.214
4109109031 Sevilla sección 09031	Renta media por persona 	2017	12.939
4109109031 Sevilla sección 09031	Renta media por hogar	2017	38.062
4109109032 Sevilla sección 09032	Renta media por persona 	2017	13.054
4109109032 Sevilla sección 09032	Renta media por hogar	2017	39.484
4109109033 Sevilla sección 09033	Renta media por persona 	2017	12.961
4109109033 Sevilla sección 09033	Renta media por hogar	2017	37.548
4109109034 Sevilla sección 09034	Renta media por persona 	2017	11.353
4109109034 Sevilla sección 09034	Renta media por hogar	2017	36.695
4109109035 Sevilla sección 09035	Renta media por persona 	2017	11.274
4109109035 Sevilla sección 09035	Renta media por hogar	2017	34.558
4109109036 Sevilla sección 09036	Renta media por persona 	2017	12.519
4109109036 Sevilla sección 09036	Renta media por hogar	2017	39.333
4109109037 Sevilla sección 09037	Renta media por persona 	2017	11.760
4109109037 Sevilla sección 09037	Renta media por hogar	2017	32.734
4109109038 Sevilla sección 09038	Renta media por persona 	2017	""
4109109038 Sevilla sección 09038	Renta media por hogar	2017	""
4109109039 Sevilla sección 09039	Renta media por persona 	2017	7.809
4109109039 Sevilla sección 09039	Renta media por hogar	2017	20.856
4109109040 Sevilla sección 09040	Renta media por persona 	2017	7.808
4109109040 Sevilla sección 09040	Renta media por hogar	2017	20.308
4109109041 Sevilla sección 09041	Renta media por persona 	2017	8.549
4109109041 Sevilla sección 09041	Renta media por hogar	2017	22.752
4109109042 Sevilla sección 09042	Renta media por persona 	2017	8.590
4109109042 Sevilla sección 09042	Renta media por hogar	2017	23.713
4109109043 Sevilla sección 09043	Renta media por persona 	2017	8.556
4109109043 Sevilla sección 09043	Renta media por hogar	2017	23.349
4109109044 Sevilla sección 09044	Renta media por persona 	2017	7.362
4109109044 Sevilla sección 09044	Renta media por hogar	2017	22.003
4109109045 Sevilla sección 09045	Renta media por persona 	2017	7.833
4109109045 Sevilla sección 09045	Renta media por hogar	2017	23.008
4109109046 Sevilla sección 09046	Renta media por persona 	2017	10.069
4109109046 Sevilla sección 09046	Renta media por hogar	2017	29.782
4109109047 Sevilla sección 09047	Renta media por persona 	2017	8.644
4109109047 Sevilla sección 09047	Renta media por hogar	2017	27.421
4109109048 Sevilla sección 09048	Renta media por persona 	2017	9.529
4109109048 Sevilla sección 09048	Renta media por hogar	2017	29.259
4109109049 Sevilla sección 09049	Renta media por persona 	2017	9.914
4109109049 Sevilla sección 09049	Renta media por hogar	2017	30.091
4109109050 Sevilla sección 09050	Renta media por persona 	2017	9.325
4109109050 Sevilla sección 09050	Renta media por hogar	2017	27.960
4109109051 Sevilla sección 09051	Renta media por persona 	2017	10.647
4109109051 Sevilla sección 09051	Renta media por hogar	2017	33.571
4109109052 Sevilla sección 09052	Renta media por persona 	2017	12.156
4109109052 Sevilla sección 09052	Renta media por hogar	2017	37.269
4109109053 Sevilla sección 09053	Renta media por persona 	2017	11.858
4109109053 Sevilla sección 09053	Renta media por hogar	2017	36.468
4109109054 Sevilla sección 09054	Renta media por persona 	2017	8.313
4109109054 Sevilla sección 09054	Renta media por hogar	2017	22.104
4109109055 Sevilla sección 09055	Renta media por persona 	2017	7.543
4109109055 Sevilla sección 09055	Renta media por hogar	2017	19.109
4109109056 Sevilla sección 09056	Renta media por persona 	2017	8.725
4109109056 Sevilla sección 09056	Renta media por hogar	2017	22.969
4109109057 Sevilla sección 09057	Renta media por persona 	2017	8.782
4109109057 Sevilla sección 09057	Renta media por hogar	2017	22.764
4109109058 Sevilla sección 09058	Renta media por persona 	2017	9.126
4109109058 Sevilla sección 09058	Renta media por hogar	2017	24.003
4109109059 Sevilla sección 09059	Renta media por persona 	2017	11.139
4109109059 Sevilla sección 09059	Renta media por hogar	2017	31.980
4109109060 Sevilla sección 09060	Renta media por persona 	2017	10.193
4109109060 Sevilla sección 09060	Renta media por hogar	2017	30.197
4109109061 Sevilla sección 09061	Renta media por persona 	2017	12.729
4109109061 Sevilla sección 09061	Renta media por hogar	2017	41.387
4109109062 Sevilla sección 09062	Renta media por persona 	2017	8.415
4109109062 Sevilla sección 09062	Renta media por hogar	2017	23.039
4109109063 Sevilla sección 09063	Renta media por persona 	2017	8.335
4109109063 Sevilla sección 09063	Renta media por hogar	2017	18.933
4109109064 Sevilla sección 09064	Renta media por persona 	2017	7.754
4109109064 Sevilla sección 09064	Renta media por hogar	2017	23.891
4109109065 Sevilla sección 09065	Renta media por persona 	2017	11.054
4109109065 Sevilla sección 09065	Renta media por hogar	2017	25.547
4109109066 Sevilla sección 09066	Renta media por persona 	2017	10.115
4109109066 Sevilla sección 09066	Renta media por hogar	2017	23.865
4109109067 Sevilla sección 09067	Renta media por persona 	2017	12.640
4109109067 Sevilla sección 09067	Renta media por hogar	2017	37.518
4109110001 Sevilla sección 10001	Renta media por persona 	2017	7.942
4109110001 Sevilla sección 10001	Renta media por hogar	2017	23.239
4109110002 Sevilla sección 10002	Renta media por persona 	2017	8.550
4109110002 Sevilla sección 10002	Renta media por hogar	2017	22.925
4109110003 Sevilla sección 10003	Renta media por persona 	2017	9.654
4109110003 Sevilla sección 10003	Renta media por hogar	2017	26.228
4109110004 Sevilla sección 10004	Renta media por persona 	2017	8.518
4109110004 Sevilla sección 10004	Renta media por hogar	2017	22.591
4109110005 Sevilla sección 10005	Renta media por persona 	2017	8.805
4109110005 Sevilla sección 10005	Renta media por hogar	2017	22.947
4109110006 Sevilla sección 10006	Renta media por persona 	2017	8.770
4109110006 Sevilla sección 10006	Renta media por hogar	2017	23.218
4109110007 Sevilla sección 10007	Renta media por persona 	2017	8.595
4109110007 Sevilla sección 10007	Renta media por hogar	2017	23.873
4109110008 Sevilla sección 10008	Renta media por persona 	2017	7.692
4109110008 Sevilla sección 10008	Renta media por hogar	2017	21.212
4109110009 Sevilla sección 10009	Renta media por persona 	2017	10.969
4109110009 Sevilla sección 10009	Renta media por hogar	2017	31.754
4109110010 Sevilla sección 10010	Renta media por persona 	2017	14.662
4109110010 Sevilla sección 10010	Renta media por hogar	2017	35.535
4109110011 Sevilla sección 10011	Renta media por persona 	2017	13.750
4109110011 Sevilla sección 10011	Renta media por hogar	2017	31.408
4109110012 Sevilla sección 10012	Renta media por persona 	2017	18.457
4109110012 Sevilla sección 10012	Renta media por hogar	2017	53.481
4109110013 Sevilla sección 10013	Renta media por persona 	2017	13.765
4109110013 Sevilla sección 10013	Renta media por hogar	2017	34.004
4109110014 Sevilla sección 10014	Renta media por persona 	2017	18.175
4109110014 Sevilla sección 10014	Renta media por hogar	2017	49.567
4109110015 Sevilla sección 10015	Renta media por persona 	2017	10.545
4109110015 Sevilla sección 10015	Renta media por hogar	2017	28.773
4109110016 Sevilla sección 10016	Renta media por persona 	2017	17.959
4109110016 Sevilla sección 10016	Renta media por hogar	2017	63.471
4109110017 Sevilla sección 10017	Renta media por persona 	2017	15.947
4109110017 Sevilla sección 10017	Renta media por hogar	2017	57.524
4109110018 Sevilla sección 10018	Renta media por persona 	2017	12.631
4109110018 Sevilla sección 10018	Renta media por hogar	2017	33.286
4109110019 Sevilla sección 10019	Renta media por persona 	2017	11.932
4109110019 Sevilla sección 10019	Renta media por hogar	2017	29.865
4109110020 Sevilla sección 10020	Renta media por persona 	2017	10.855
4109110020 Sevilla sección 10020	Renta media por hogar	2017	32.249
4109110021 Sevilla sección 10021	Renta media por persona 	2017	13.370
4109110021 Sevilla sección 10021	Renta media por hogar	2017	38.687
4109110022 Sevilla sección 10022	Renta media por persona 	2017	9.765
4109110022 Sevilla sección 10022	Renta media por hogar	2017	26.104
4109110023 Sevilla sección 10023	Renta media por persona 	2017	14.623
4109110023 Sevilla sección 10023	Renta media por hogar	2017	55.724
4109110024 Sevilla sección 10024	Renta media por persona 	2017	13.957
4109110024 Sevilla sección 10024	Renta media por hogar	2017	40.812
4109110025 Sevilla sección 10025	Renta media por persona 	2017	11.118
4109110025 Sevilla sección 10025	Renta media por hogar	2017	28.691
4109110026 Sevilla sección 10026	Renta media por persona 	2017	13.770
4109110026 Sevilla sección 10026	Renta media por hogar	2017	41.196
4109110027 Sevilla sección 10027	Renta media por persona 	2017	14.461
4109110027 Sevilla sección 10027	Renta media por hogar	2017	39.214
4109111001 Sevilla sección 11001	Renta media por persona 	2017	14.625
4109111001 Sevilla sección 11001	Renta media por hogar	2017	37.548
4109111002 Sevilla sección 11002	Renta media por persona 	2017	18.447
4109111002 Sevilla sección 11002	Renta media por hogar	2017	50.389
4109111003 Sevilla sección 11003	Renta media por persona 	2017	7.664
4109111003 Sevilla sección 11003	Renta media por hogar	2017	18.315
4109111004 Sevilla sección 11004	Renta media por persona 	2017	14.368
4109111004 Sevilla sección 11004	Renta media por hogar	2017	36.198
4109111005 Sevilla sección 11005	Renta media por persona 	2017	14.664
4109111005 Sevilla sección 11005	Renta media por hogar	2017	38.211
4109111006 Sevilla sección 11006	Renta media por persona 	2017	18.196
4109111006 Sevilla sección 11006	Renta media por hogar	2017	51.726
4109111007 Sevilla sección 11007	Renta media por persona 	2017	18.399
4109111007 Sevilla sección 11007	Renta media por hogar	2017	51.237
4109111008 Sevilla sección 11008	Renta media por persona 	2017	16.016
4109111008 Sevilla sección 11008	Renta media por hogar	2017	44.035
4109111009 Sevilla sección 11009	Renta media por persona 	2017	19.990
4109111009 Sevilla sección 11009	Renta media por hogar	2017	56.663
4109111010 Sevilla sección 11010	Renta media por persona 	2017	14.903
4109111010 Sevilla sección 11010	Renta media por hogar	2017	38.701
4109111011 Sevilla sección 11011	Renta media por persona 	2017	15.872
4109111011 Sevilla sección 11011	Renta media por hogar	2017	43.455
4109111012 Sevilla sección 11012	Renta media por persona 	2017	18.747
4109111012 Sevilla sección 11012	Renta media por hogar	2017	49.068
4109111013 Sevilla sección 11013	Renta media por persona 	2017	16.165
4109111013 Sevilla sección 11013	Renta media por hogar	2017	44.367
4109111014 Sevilla sección 11014	Renta media por persona 	2017	16.123
4109111014 Sevilla sección 11014	Renta media por hogar	2017	45.288
4109111015 Sevilla sección 11015	Renta media por persona 	2017	19.874
4109111015 Sevilla sección 11015	Renta media por hogar	2017	55.448
4109111016 Sevilla sección 11016	Renta media por persona 	2017	15.620
4109111016 Sevilla sección 11016	Renta media por hogar	2017	43.802
4109111017 Sevilla sección 11017	Renta media por persona 	2017	17.141
4109111017 Sevilla sección 11017	Renta media por hogar	2017	48.718
4109111018 Sevilla sección 11018	Renta media por persona 	2017	14.805
4109111018 Sevilla sección 11018	Renta media por hogar	2017	41.373
4109111019 Sevilla sección 11019	Renta media por persona 	2017	16.777
4109111019 Sevilla sección 11019	Renta media por hogar	2017	45.733
